Name,FileName,ExportName,UnlockLevel,ReputationUnlockLevel,GoodReward,GoodAmount,Probability,ForbidFreeBox,DiamondPrice,RandomNumberMax,TileWidth,TileHeight,OpenSound,LockedSound,Mode,Type,Icon,RewardHUDExportName,MapGameQuestReward,QuestNotification
String,String,String,int,int,String,int,int,Boolean,int,int,int,int,String,String,String,int,String,String,Boolean,String
Box1,sc/common.sc,mystery_box_bronze,1,,Bolt,1,360,FALSE,3,16,2,2,TreasureBox,TreasureBoxLocked,home,1,icon_mysterybox_bronze,BronzeMysteryBox,TRUE,
Box2,sc/common.sc,mystery_box_bronze,1,,Plank,1,360,FALSE,3,16,2,2,TreasureBox,TreasureBoxLocked,home,1,icon_mysterybox_bronze,BronzeMysteryBox,TRUE,
Box3,sc/common.sc,mystery_box_bronze,1,,Duct Tape,1,360,FALSE,3,16,2,2,TreasureBox,TreasureBoxLocked,home,1,icon_mysterybox_bronze,BronzeMysteryBox,TRUE,
Box4,sc/common.sc,mystery_box_bronze,1,,Nail,1,360,FALSE,3,16,2,2,TreasureBox,TreasureBoxLocked,home,1,icon_mysterybox_bronze,BronzeMysteryBox,TRUE,
Box5,sc/common.sc,mystery_box_bronze,1,,Screw,1,360,FALSE,3,16,2,2,TreasureBox,TreasureBoxLocked,home,1,icon_mysterybox_bronze,BronzeMysteryBox,TRUE,
Box6,sc/common.sc,mystery_box_bronze,1,,Wood Panel,1,360,FALSE,3,16,2,2,TreasureBox,TreasureBoxLocked,home,1,icon_mysterybox_bronze,BronzeMysteryBox,TRUE,
Box7,sc/common.sc,mystery_box_bronze,1,,FreeDiamonds,5,720,TRUE,3,16,2,2,TreasureBox,TreasureBoxLocked,home,1,icon_mysterybox_bronze,BronzeMysteryBox,FALSE,
Box8,sc/common.sc,mystery_box_bronze,1,,CashInGems,8,1800,FALSE,3,16,2,2,TreasureBox,TreasureBoxLocked,home,1,icon_mysterybox_bronze,BronzeMysteryBox,TRUE,
Box9,sc/common.sc,mystery_box_bronze,20,,Voucher1,3,1350,FALSE,3,16,2,2,TreasureBox,TreasureBoxLocked,home,1,icon_mysterybox_bronze,BronzeMysteryBox,TRUE,
Box10,sc/common.sc,mystery_box_bronze,20,,Voucher2,3,810,FALSE,3,16,2,2,TreasureBox,TreasureBoxLocked,home,1,icon_mysterybox_bronze,BronzeMysteryBox,TRUE,
Box11,sc/common.sc,mystery_box_bronze,20,,Voucher1,1,720,FALSE,3,16,2,2,TreasureBox,TreasureBoxLocked,home,1,icon_mysterybox_bronze,BronzeMysteryBox,TRUE,
Box12,sc/common.sc,mystery_box_bronze,20,,Voucher2,1,450,FALSE,3,16,2,2,TreasureBox,TreasureBoxLocked,home,1,icon_mysterybox_bronze,BronzeMysteryBox,TRUE,
Box13,sc/common.sc,mystery_box_bronze,6,,Demolition Charge,1,450,FALSE,3,16,2,2,TreasureBox,TreasureBoxLocked,home,1,icon_mysterybox_bronze,BronzeMysteryBox,TRUE,
Box14,sc/common.sc,mystery_box_bronze,6,,Axe,1,450,FALSE,3,16,2,2,TreasureBox,TreasureBoxLocked,home,1,icon_mysterybox_bronze,BronzeMysteryBox,TRUE,
Box15,sc/common.sc,mystery_box_bronze,6,,Saw,1,450,FALSE,3,16,2,2,TreasureBox,TreasureBoxLocked,home,1,icon_mysterybox_bronze,BronzeMysteryBox,TRUE,
TownCrate1,sc/common.sc,mystery_crate_01,,3,FreeDiamonds,8,10,TRUE,5,16,2,2,TreasureBox,TreasureBoxLocked,train,1,icon_mystery_crate_town,TownMysteryBox,FALSE,
TownCrate2,sc/common.sc,mystery_crate_01,,3,Demolition Charge,1,50,FALSE,5,16,2,2,TreasureBox,TreasureBoxLocked,train,1,icon_mystery_crate_town,TownMysteryBox,TRUE,
TownCrate3,sc/common.sc,mystery_crate_01,,3,Dynamite,1,50,FALSE,5,16,2,2,TreasureBox,TreasureBoxLocked,train,1,icon_mystery_crate_town,TownMysteryBox,TRUE,
TownCrate4,sc/common.sc,mystery_crate_01,,3,Axe,1,200,FALSE,5,16,2,2,TreasureBox,TreasureBoxLocked,train,1,icon_mystery_crate_town,TownMysteryBox,TRUE,
TownCrate5,sc/common.sc,mystery_crate_01,,3,Saw,1,50,FALSE,5,16,2,2,TreasureBox,TreasureBoxLocked,train,1,icon_mystery_crate_town,TownMysteryBox,TRUE,
TownCrate6,sc/common.sc,mystery_crate_01,,3,Shovel,1,50,FALSE,5,16,2,2,TreasureBox,TreasureBoxLocked,train,1,icon_mystery_crate_town,TownMysteryBox,TRUE,
TownCrate7,sc/common.sc,mystery_crate_01,,3,Pickaxe,1,50,FALSE,5,16,2,2,TreasureBox,TreasureBoxLocked,train,1,icon_mystery_crate_town,TownMysteryBox,TRUE,
TownCrate8,sc/common.sc,mystery_crate_01,,3,Bolt,1,50,FALSE,5,16,2,2,TreasureBox,TreasureBoxLocked,train,1,icon_mystery_crate_town,TownMysteryBox,TRUE,
TownCrate9,sc/common.sc,mystery_crate_01,,3,Plank,1,50,FALSE,5,16,2,2,TreasureBox,TreasureBoxLocked,train,1,icon_mystery_crate_town,TownMysteryBox,TRUE,
TownCrate10,sc/common.sc,mystery_crate_01,,3,Duct Tape,1,50,FALSE,5,16,2,2,TreasureBox,TreasureBoxLocked,train,1,icon_mystery_crate_town,TownMysteryBox,TRUE,
TownCrate11,sc/common.sc,mystery_crate_01,,3,Nail,1,50,FALSE,5,16,2,2,TreasureBox,TreasureBoxLocked,train,1,icon_mystery_crate_town,TownMysteryBox,TRUE,
TownCrate12,sc/common.sc,mystery_crate_01,,3,Screw,1,50,FALSE,5,16,2,2,TreasureBox,TreasureBoxLocked,train,1,icon_mystery_crate_town,TownMysteryBox,TRUE,
TownCrate13,sc/common.sc,mystery_crate_01,,3,Wood Panel,1,50,FALSE,5,16,2,2,TreasureBox,TreasureBoxLocked,train,1,icon_mystery_crate_town,TownMysteryBox,TRUE,
TownCrate14,sc/common.sc,mystery_crate_01,,3,Voucher,1,50,FALSE,5,16,2,2,TreasureBox,TreasureBoxLocked,train,1,icon_mystery_crate_town,TownMysteryBox,TRUE,
TownCrate15,sc/common.sc,mystery_crate_01,,3,Hammer,1,20,FALSE,5,16,2,2,TreasureBox,TreasureBoxLocked,train,1,icon_mystery_crate_town,TownMysteryBox,TRUE,
TownCrate16,sc/common.sc,mystery_crate_01,,3,Hand Drill,1,20,FALSE,5,16,2,2,TreasureBox,TreasureBoxLocked,train,1,icon_mystery_crate_town,TownMysteryBox,TRUE,
TownCrate17,sc/common.sc,mystery_crate_01,,3,Paint Bucket,1,20,FALSE,5,16,2,2,TreasureBox,TreasureBoxLocked,train,1,icon_mystery_crate_town,TownMysteryBox,TRUE,
TownCrate18,sc/common.sc,mystery_crate_01,,3,Stone Block,1,20,FALSE,5,16,2,2,TreasureBox,TreasureBoxLocked,train,1,icon_mystery_crate_town,TownMysteryBox,TRUE,
TownCrate19,sc/common.sc,mystery_crate_01,,3,Brick,1,20,FALSE,5,16,2,2,TreasureBox,TreasureBoxLocked,train,1,icon_mystery_crate_town,TownMysteryBox,TRUE,
TownCrate20,sc/common.sc,mystery_crate_01,,3,Tar Bucket,1,20,FALSE,5,16,2,2,TreasureBox,TreasureBoxLocked,train,1,icon_mystery_crate_town,TownMysteryBox,TRUE,
TownCrate21_maps,sc/common.sc,mystery_crate_01,,3,Map Piece,1,10,FALSE,5,16,2,2,TreasureBox,TreasureBoxLocked,train,1,icon_mystery_crate_town,TownMysteryBox,TRUE,
Box16,sc/common.sc,mystery_box_bronze,6,,Shovel,1,450,FALSE,3,16,2,2,TreasureBox,TreasureBoxLocked,home,1,icon_mysterybox_bronze,BronzeMysteryBox,TRUE,
Box17,sc/common.sc,mystery_box_bronze,34,,Pickaxe,1,450,FALSE,3,16,2,2,TreasureBox,TreasureBoxLocked,home,1,icon_mysterybox_bronze,BronzeMysteryBox,TRUE,
Box18,sc/common.sc,mystery_box_bronze,6,,Dynamite,1,450,FALSE,3,16,2,2,TreasureBox,TreasureBoxLocked,home,1,icon_mysterybox_bronze,BronzeMysteryBox,TRUE,
Box19,sc/common.sc,mystery_box_bronze,6,,Demolition Charge,2,270,FALSE,3,16,2,2,TreasureBox,TreasureBoxLocked,home,1,icon_mysterybox_bronze,BronzeMysteryBox,TRUE,
Box20,sc/common.sc,mystery_box_bronze,6,,Axe,2,270,FALSE,3,16,2,2,TreasureBox,TreasureBoxLocked,home,1,icon_mysterybox_bronze,BronzeMysteryBox,TRUE,
Box21,sc/common.sc,mystery_box_bronze,6,,Saw,2,270,FALSE,3,16,2,2,TreasureBox,TreasureBoxLocked,home,1,icon_mysterybox_bronze,BronzeMysteryBox,TRUE,
Box22,sc/common.sc,mystery_box_bronze,6,,Shovel,2,270,FALSE,3,16,2,2,TreasureBox,TreasureBoxLocked,home,1,icon_mysterybox_bronze,BronzeMysteryBox,TRUE,
Box23,sc/common.sc,mystery_box_bronze,34,,Pickaxe,2,270,FALSE,3,16,2,2,TreasureBox,TreasureBoxLocked,home,1,icon_mysterybox_bronze,BronzeMysteryBox,TRUE,
Box24,sc/common.sc,mystery_box_bronze,6,,Dynamite,2,270,FALSE,3,16,2,2,TreasureBox,TreasureBoxLocked,home,1,icon_mysterybox_bronze,BronzeMysteryBox,TRUE,
Box25,sc/common.sc,mystery_box_bronze,35,,MoreXP_lv1,1,72,FALSE,3,16,2,2,TreasureBox,TreasureBoxLocked,home,1,icon_mysterybox_bronze,BronzeMysteryBox,TRUE,
Box26,sc/common.sc,mystery_box_bronze,35,,MoreCash_lv1,1,72,FALSE,3,16,2,2,TreasureBox,TreasureBoxLocked,home,1,icon_mysterybox_bronze,BronzeMysteryBox,TRUE,
Box27,sc/common.sc,mystery_box_bronze,35,,MiningMoreOres_lv1,1,72,FALSE,3,16,2,2,TreasureBox,TreasureBoxLocked,home,1,icon_mysterybox_bronze,BronzeMysteryBox,TRUE,
Box28,sc/common.sc,mystery_box_bronze,35,,HeavierFish_lv1,1,72,FALSE,3,16,2,2,TreasureBox,TreasureBoxLocked,home,1,icon_mysterybox_bronze,BronzeMysteryBox,TRUE,
Box29,sc/common.sc,mystery_box_bronze,35,,FasterBuildings2_lv1,1,72,FALSE,3,16,2,2,TreasureBox,TreasureBoxLocked,home,1,icon_mysterybox_bronze,BronzeMysteryBox,TRUE,
Box30,sc/common.sc,mystery_box_bronze,35,,FasterBuildings1_lv1,1,72,FALSE,3,16,2,2,TreasureBox,TreasureBoxLocked,home,1,icon_mysterybox_bronze,BronzeMysteryBox,TRUE,
Box31,sc/common.sc,mystery_box_bronze,35,,FasterBuildings3_lv1,1,72,FALSE,3,16,2,2,TreasureBox,TreasureBoxLocked,home,1,icon_mysterybox_bronze,BronzeMysteryBox,TRUE,
TownCrate21,sc/common.sc,mystery_crate_01,35,3,FasterBoats_lv2,1,4,FALSE,5,16,2,2,TreasureBox,TreasureBoxLocked,train,1,icon_mystery_crate_town,TownMysteryBox,TRUE,
TownCrate22,sc/common.sc,mystery_crate_01,35,3,FasterCrops1_lv2,1,4,FALSE,5,16,2,2,TreasureBox,TreasureBoxLocked,train,1,icon_mystery_crate_town,TownMysteryBox,TRUE,
TownCrate23,sc/common.sc,mystery_crate_01,35,3,FasterCrops2_lv2,1,4,FALSE,5,16,2,2,TreasureBox,TreasureBoxLocked,train,1,icon_mystery_crate_town,TownMysteryBox,TRUE,
TownCrate24,sc/common.sc,mystery_crate_01,35,3,FasterCrops3_lv2,1,4,FALSE,5,16,2,2,TreasureBox,TreasureBoxLocked,train,1,icon_mystery_crate_town,TownMysteryBox,TRUE,
TownCrate25,sc/common.sc,mystery_crate_01,35,3,FasterCrops4_lv2,1,4,FALSE,5,16,2,2,TreasureBox,TreasureBoxLocked,train,1,icon_mystery_crate_town,TownMysteryBox,TRUE,
TownCrate26,sc/common.sc,mystery_crate_01,35,3,FasterTom_lv2,1,4,FALSE,5,16,2,2,TreasureBox,TreasureBoxLocked,train,1,icon_mystery_crate_town,TownMysteryBox,TRUE,
TownCrate27,sc/common.sc,mystery_crate_01,35,3,FasterBuildings1_lv2,1,4,FALSE,5,16,2,2,TreasureBox,TreasureBoxLocked,train,1,icon_mystery_crate_town,TownMysteryBox,TRUE,
TownCrate28,sc/common.sc,mystery_crate_01,35,3,FasterBuildings2_lv2,1,4,FALSE,5,16,2,2,TreasureBox,TreasureBoxLocked,train,1,icon_mystery_crate_town,TownMysteryBox,TRUE,
TownCrate29,sc/common.sc,mystery_crate_01,35,3,FasterBuildings3_lv2,1,4,FALSE,5,16,2,2,TreasureBox,TreasureBoxLocked,train,1,icon_mystery_crate_town,TownMysteryBox,TRUE,
TownCrate30,sc/common.sc,mystery_crate_01,35,3,FasterBuildings4_lv2,1,4,FALSE,5,16,2,2,TreasureBox,TreasureBoxLocked,train,1,icon_mystery_crate_town,TownMysteryBox,TRUE,
TownCrate31,sc/common.sc,mystery_crate_01,35,3,FasterTrees_lv2,1,4,FALSE,5,16,2,2,TreasureBox,TreasureBoxLocked,train,1,icon_mystery_crate_town,TownMysteryBox,TRUE,
TownCrate32,sc/common.sc,mystery_crate_01,35,3,FasterBushes_lv2,1,4,FALSE,5,16,2,2,TreasureBox,TreasureBoxLocked,train,1,icon_mystery_crate_town,TownMysteryBox,TRUE,
TownCrate33,sc/common.sc,mystery_crate_01,35,3,FreeTom_lv2,1,2,FALSE,5,16,2,2,TreasureBox,TreasureBoxLocked,train,1,icon_mystery_crate_town,TownMysteryBox,TRUE,
TownCrate34,sc/common.sc,mystery_crate_01,35,3,FreeRose_lv2,1,4,FALSE,5,16,2,2,TreasureBox,TreasureBoxLocked,train,1,icon_mystery_crate_town,TownMysteryBox,TRUE,
TownCrate35,sc/common.sc,mystery_crate_01,35,3,FreeErnest_lv2,1,4,FALSE,5,16,2,2,TreasureBox,TreasureBoxLocked,train,1,icon_mystery_crate_town,TownMysteryBox,TRUE,
TownCrate36,sc/common.sc,mystery_crate_01,35,3,EasierBoats_lv2,1,4,FALSE,5,16,2,2,TreasureBox,TreasureBoxLocked,train,1,icon_mystery_crate_town,TownMysteryBox,TRUE,
Box32,sc/common.sc,mystery_box_bronze,35,,EasierBoats_lv1,1,72,FALSE,3,16,2,2,TreasureBox,TreasureBoxLocked,home,1,icon_mysterybox_bronze,BronzeMysteryBox,TRUE,
Box33,sc/common.sc,mystery_box_bronze,35,,FasterBuildings4_lv1,1,72,FALSE,3,16,2,2,TreasureBox,TreasureBoxLocked,home,1,icon_mysterybox_bronze,BronzeMysteryBox,TRUE,
TownCrate37,sc/common.sc,mystery_crate_01,,3,Puzzle Piece 1,1,21,FALSE,5,16,2,2,TreasureBox,TreasureBoxLocked,train,1,icon_mystery_crate_town,TownMysteryBox,TRUE,
Box34,sc/common.sc,mystery_box_bronze,35,,FasterCrops3_lv1,1,72,FALSE,3,16,2,2,TreasureBox,TreasureBoxLocked,home,1,icon_mysterybox_bronze,BronzeMysteryBox,TRUE,
TownCrate38,sc/common.sc,mystery_crate_01,35,3,MoreXP_lv2,1,4,FALSE,5,16,2,2,TreasureBox,TreasureBoxLocked,train,1,icon_mystery_crate_town,TownMysteryBox,TRUE,
Box35,sc/common.sc,mystery_box_bronze,35,,FasterCrops1_lv1,1,72,FALSE,3,16,2,2,TreasureBox,TreasureBoxLocked,home,1,icon_mysterybox_bronze,BronzeMysteryBox,TRUE,
Box36,sc/common.sc,mystery_box_bronze,35,,FreeTom_lv1,1,72,FALSE,3,16,2,2,TreasureBox,TreasureBoxLocked,home,1,icon_mysterybox_bronze,BronzeMysteryBox,TRUE,
Box37,sc/common.sc,mystery_box_bronze,35,,FasterCrops4_lv1,1,72,FALSE,3,16,2,2,TreasureBox,TreasureBoxLocked,home,1,icon_mysterybox_bronze,BronzeMysteryBox,TRUE,
Box38,sc/common.sc,mystery_box_bronze,35,,FasterCrops2_lv1,1,72,FALSE,3,16,2,2,TreasureBox,TreasureBoxLocked,home,1,icon_mysterybox_bronze,BronzeMysteryBox,TRUE,
Box39,sc/common.sc,mystery_box_bronze,44,,FasterLobsters_lv1,1,72,FALSE,3,16,2,2,TreasureBox,TreasureBoxLocked,home,1,icon_mysterybox_bronze,BronzeMysteryBox,TRUE,
Box40,sc/common.sc,mystery_box_bronze,35,,FasterFishingSpots_lv1,1,72,FALSE,3,16,2,2,TreasureBox,TreasureBoxLocked,home,1,icon_mysterybox_bronze,BronzeMysteryBox,TRUE,
Box41,sc/common.sc,mystery_box_bronze,35,,FasterBaitMaker_lv1,1,72,FALSE,3,16,2,2,TreasureBox,TreasureBoxLocked,home,1,icon_mysterybox_bronze,BronzeMysteryBox,TRUE,
Box42,sc/common.sc,mystery_box_bronze,50,,FasterDucks_lv1,1,72,FALSE,3,16,2,2,TreasureBox,TreasureBoxLocked,home,1,icon_mysterybox_bronze,BronzeMysteryBox,TRUE,
TownCrate39,sc/common.sc,mystery_crate_01,35,3,FasterBaitMaker_lv2,1,4,FALSE,5,16,2,2,TreasureBox,TreasureBoxLocked,train,1,icon_mystery_crate_town,TownMysteryBox,TRUE,
TownCrate40,sc/common.sc,mystery_crate_01,35,3,FasterNetMaker_lv2,1,4,FALSE,5,16,2,2,TreasureBox,TreasureBoxLocked,train,1,icon_mystery_crate_town,TownMysteryBox,TRUE,
TownCrate41,sc/common.sc,mystery_crate_01,35,3,FasterFishingSpots_lv2,1,4,FALSE,5,16,2,2,TreasureBox,TreasureBoxLocked,train,1,icon_mystery_crate_town,TownMysteryBox,TRUE,
TownCrate42,sc/common.sc,mystery_crate_01,44,3,FasterLobsters_lv2,1,4,FALSE,5,16,2,2,TreasureBox,TreasureBoxLocked,train,1,icon_mystery_crate_town,TownMysteryBox,TRUE,
TownCrate43,sc/common.sc,mystery_crate_01,50,3,FasterDucks_lv2,1,4,FALSE,5,16,2,2,TreasureBox,TreasureBoxLocked,train,1,icon_mystery_crate_town,TownMysteryBox,TRUE,
TownCrate44,sc/common.sc,mystery_crate_01,35,3,FasterTownBuildings1_lv2,1,4,FALSE,5,16,2,2,TreasureBox,TreasureBoxLocked,train,1,icon_mystery_crate_town,TownMysteryBox,TRUE,
TownCrate45,sc/common.sc,mystery_crate_01,35,11,FasterTownBuildings2_lv2,1,4,FALSE,5,16,2,2,TreasureBox,TreasureBoxLocked,train,1,icon_mystery_crate_town,TownMysteryBox,TRUE,
TownCrate46,sc/common.sc,mystery_crate_01,35,4,FasterPersonalTrain_lv2,1,4,FALSE,5,16,2,2,TreasureBox,TreasureBoxLocked,train,1,icon_mystery_crate_town,TownMysteryBox,TRUE,
Box43,sc/common.sc,mystery_box_bronze,35,,FasterBoats_lv1,1,72,FALSE,3,16,2,2,TreasureBox,TreasureBoxLocked,home,1,icon_mysterybox_bronze,BronzeMysteryBox,TRUE,
Box44,sc/common.sc,mystery_box_bronze,35,,FasterTrees_lv1,1,72,FALSE,3,16,2,2,TreasureBox,TreasureBoxLocked,home,1,icon_mysterybox_bronze,BronzeMysteryBox,TRUE,
Box45,sc/common.sc,mystery_box_bronze,35,,FasterNetMaker_lv1,1,72,FALSE,3,16,2,2,TreasureBox,TreasureBoxLocked,home,1,icon_mysterybox_bronze,BronzeMysteryBox,TRUE,
TownCrate47,sc/common.sc,mystery_crate_01,35,3,MoreCash_lv2,1,7,FALSE,5,16,2,2,TreasureBox,TreasureBoxLocked,train,1,icon_mystery_crate_town,TownMysteryBox,TRUE,
TownCrate48,sc/common.sc,mystery_crate_01,35,3,HeavierFish_lv2,1,7,FALSE,5,16,2,2,TreasureBox,TreasureBoxLocked,train,1,icon_mystery_crate_town,TownMysteryBox,TRUE,
Box46,sc/common.sc,mystery_box_bronze,35,,FasterBushes_lv1,1,72,FALSE,3,16,2,2,TreasureBox,TreasureBoxLocked,home,1,icon_mysterybox_bronze,BronzeMysteryBox,TRUE,
Box47,sc/common.sc,mystery_box_bronze,35,,FreeErnest_lv1,1,72,FALSE,3,16,2,2,TreasureBox,TreasureBoxLocked,home,1,icon_mysterybox_bronze,BronzeMysteryBox,TRUE,
Box48,sc/common.sc,mystery_box_bronze,35,,FreeRose_lv1,1,72,FALSE,3,16,2,2,TreasureBox,TreasureBoxLocked,home,1,icon_mysterybox_bronze,BronzeMysteryBox,TRUE,
Box49,sc/common.sc,mystery_box_bronze,35,,FasterTom_lv1,1,72,FALSE,3,16,2,2,TreasureBox,TreasureBoxLocked,home,1,icon_mysterybox_bronze,BronzeMysteryBox,TRUE,
Box50,sc/common.sc,mystery_box_bronze,35,,MoreCash_lv2,1,36,FALSE,3,16,2,2,TreasureBox,TreasureBoxLocked,home,1,icon_mysterybox_bronze,BronzeMysteryBox,TRUE,
Box51,sc/common.sc,mystery_box_bronze,35,,MoreXP_lv2,1,36,FALSE,3,16,2,2,TreasureBox,TreasureBoxLocked,home,1,icon_mysterybox_bronze,BronzeMysteryBox,TRUE,
Box52,sc/common.sc,mystery_box_bronze,35,,HeavierFish_lv2,1,36,FALSE,3,16,2,2,TreasureBox,TreasureBoxLocked,home,1,icon_mysterybox_bronze,BronzeMysteryBox,TRUE,
Box53,sc/common.sc,mystery_box_bronze,35,,FreeTom_lv2,1,36,FALSE,3,16,2,2,TreasureBox,TreasureBoxLocked,home,1,icon_mysterybox_bronze,BronzeMysteryBox,TRUE,
Box54,sc/common.sc,mystery_box_bronze,35,,FasterBuildings2_lv2,1,36,FALSE,3,16,2,2,TreasureBox,TreasureBoxLocked,home,1,icon_mysterybox_bronze,BronzeMysteryBox,TRUE,
Box55,sc/common.sc,mystery_box_bronze,35,,FasterBuildings3_lv2,1,36,FALSE,3,16,2,2,TreasureBox,TreasureBoxLocked,home,1,icon_mysterybox_bronze,BronzeMysteryBox,TRUE,
Box56,sc/common.sc,mystery_box_bronze,35,,FasterBuildings1_lv2,1,36,FALSE,3,16,2,2,TreasureBox,TreasureBoxLocked,home,1,icon_mysterybox_bronze,BronzeMysteryBox,TRUE,
Box57,sc/common.sc,mystery_box_bronze,35,,EasierBoats_lv2,1,36,FALSE,3,16,2,2,TreasureBox,TreasureBoxLocked,home,1,icon_mysterybox_bronze,BronzeMysteryBox,TRUE,
Box58,sc/common.sc,mystery_box_bronze,35,,FasterBuildings4_lv2,1,36,FALSE,3,16,2,2,TreasureBox,TreasureBoxLocked,home,1,icon_mysterybox_bronze,BronzeMysteryBox,TRUE,
Box59,sc/common.sc,mystery_box_bronze,35,,FasterCrops4_lv2,1,36,FALSE,3,16,2,2,TreasureBox,TreasureBoxLocked,home,1,icon_mysterybox_bronze,BronzeMysteryBox,TRUE,
Box60,sc/common.sc,mystery_box_bronze,35,,FasterCrops3_lv2,1,36,FALSE,3,16,2,2,TreasureBox,TreasureBoxLocked,home,1,icon_mysterybox_bronze,BronzeMysteryBox,TRUE,
Box61,sc/common.sc,mystery_box_bronze,44,,FasterLobsters_lv2,1,36,FALSE,3,16,2,2,TreasureBox,TreasureBoxLocked,home,1,icon_mysterybox_bronze,BronzeMysteryBox,TRUE,
Box62,sc/common.sc,mystery_box_bronze,35,,FasterCrops1_lv2,1,36,FALSE,3,16,2,2,TreasureBox,TreasureBoxLocked,home,1,icon_mysterybox_bronze,BronzeMysteryBox,TRUE,
Box63,sc/common.sc,mystery_box_bronze,35,,FasterFishingSpots_lv2,1,36,FALSE,3,16,2,2,TreasureBox,TreasureBoxLocked,home,1,icon_mysterybox_bronze,BronzeMysteryBox,TRUE,
Box64,sc/common.sc,mystery_box_bronze,35,,FasterBaitMaker_lv2,1,36,FALSE,3,16,2,2,TreasureBox,TreasureBoxLocked,home,1,icon_mysterybox_bronze,BronzeMysteryBox,TRUE,
Box65,sc/common.sc,mystery_box_bronze,35,,FasterCrops2_lv2,1,36,FALSE,3,16,2,2,TreasureBox,TreasureBoxLocked,home,1,icon_mysterybox_bronze,BronzeMysteryBox,TRUE,
Box66,sc/common.sc,mystery_box_bronze,50,,FasterDucks_lv2,1,36,FALSE,3,16,2,2,TreasureBox,TreasureBoxLocked,home,1,icon_mysterybox_bronze,BronzeMysteryBox,TRUE,
Box67,sc/common.sc,mystery_box_bronze,35,,FasterNetMaker_lv2,1,36,FALSE,3,16,2,2,TreasureBox,TreasureBoxLocked,home,1,icon_mysterybox_bronze,BronzeMysteryBox,TRUE,
Box68,sc/common.sc,mystery_box_bronze,35,,FasterBoats_lv2,1,36,FALSE,3,16,2,2,TreasureBox,TreasureBoxLocked,home,1,icon_mysterybox_bronze,BronzeMysteryBox,TRUE,
Box69,sc/common.sc,mystery_box_bronze,35,,FasterTrees_lv2,1,36,FALSE,3,16,2,2,TreasureBox,TreasureBoxLocked,home,1,icon_mysterybox_bronze,BronzeMysteryBox,TRUE,
Box70,sc/common.sc,mystery_box_bronze,35,,FasterBushes_lv2,1,36,FALSE,3,16,2,2,TreasureBox,TreasureBoxLocked,home,1,icon_mysterybox_bronze,BronzeMysteryBox,TRUE,
Box71,sc/common.sc,mystery_box_bronze,35,,FreeErnest_lv2,1,36,FALSE,3,16,2,2,TreasureBox,TreasureBoxLocked,home,1,icon_mysterybox_bronze,BronzeMysteryBox,TRUE,
Box72,sc/common.sc,mystery_box_bronze,35,,FreeRose_lv2,1,36,FALSE,3,16,2,2,TreasureBox,TreasureBoxLocked,home,1,icon_mysterybox_bronze,BronzeMysteryBox,TRUE,
Box73,sc/common.sc,mystery_box_bronze,35,,FasterTom_lv2,1,36,FALSE,3,16,2,2,TreasureBox,TreasureBoxLocked,home,1,icon_mysterybox_bronze,BronzeMysteryBox,TRUE,
Box74,sc/common.sc,mystery_box_silver,1,,Bolt,2,200,FALSE,10,16,2,2,TreasureBox,TreasureBoxLocked,home,2,icon_mysterybox_silver,SilverMysteryBox,TRUE,
Box75,sc/common.sc,mystery_box_silver,1,,Plank,2,200,FALSE,10,16,2,2,TreasureBox,TreasureBoxLocked,home,2,icon_mysterybox_silver,SilverMysteryBox,TRUE,
Box76,sc/common.sc,mystery_box_silver,1,,Duct Tape,2,200,FALSE,10,16,2,2,TreasureBox,TreasureBoxLocked,home,2,icon_mysterybox_silver,SilverMysteryBox,TRUE,
Box77,sc/common.sc,mystery_box_silver,1,,Nail,2,200,FALSE,10,16,2,2,TreasureBox,TreasureBoxLocked,home,2,icon_mysterybox_silver,SilverMysteryBox,TRUE,
Box78,sc/common.sc,mystery_box_silver,1,,Screw,2,200,FALSE,10,16,2,2,TreasureBox,TreasureBoxLocked,home,2,icon_mysterybox_silver,SilverMysteryBox,TRUE,
Box79,sc/common.sc,mystery_box_silver,1,,Wood Panel,2,200,FALSE,10,16,2,2,TreasureBox,TreasureBoxLocked,home,2,icon_mysterybox_silver,SilverMysteryBox,TRUE,
Box80,sc/common.sc,mystery_box_silver,12,,Land Deed,2,200,FALSE,10,16,2,2,TreasureBox,TreasureBoxLocked,home,2,icon_mysterybox_silver,SilverMysteryBox,TRUE,
Box81,sc/common.sc,mystery_box_silver,12,,Mallet,2,200,FALSE,10,16,2,2,TreasureBox,TreasureBoxLocked,home,2,icon_mysterybox_silver,SilverMysteryBox,TRUE,
Box82,sc/common.sc,mystery_box_silver,12,,Marker Stake,2,200,FALSE,10,16,2,2,TreasureBox,TreasureBoxLocked,home,2,icon_mysterybox_silver,SilverMysteryBox,TRUE,
Box83,sc/common.sc,mystery_box_silver,20,,Voucher3,3,320,FALSE,10,16,2,2,TreasureBox,TreasureBoxLocked,home,2,icon_mysterybox_silver,SilverMysteryBox,TRUE,
Box84,sc/common.sc,mystery_box_silver,20,,Voucher4,3,400,FALSE,10,16,2,2,TreasureBox,TreasureBoxLocked,home,2,icon_mysterybox_silver,SilverMysteryBox,TRUE,
Box85,sc/common.sc,mystery_box_silver,1,,FreeDiamonds,13,400,TRUE,10,16,2,2,TreasureBox,TreasureBoxLocked,home,2,icon_mysterybox_silver,SilverMysteryBox,FALSE,
Box86,sc/common.sc,mystery_box_silver,35,,EasierBoats_lv5,1,16,FALSE,10,16,2,2,TreasureBox,TreasureBoxLocked,home,2,icon_mysterybox_silver,SilverMysteryBox,TRUE,
Box87,sc/common.sc,mystery_box_silver,35,,FasterBuildings1_lv5,1,16,FALSE,10,16,2,2,TreasureBox,TreasureBoxLocked,home,2,icon_mysterybox_silver,SilverMysteryBox,TRUE,
Box88,sc/common.sc,mystery_box_silver,35,,FasterBuildings2_lv5,1,16,FALSE,10,16,2,2,TreasureBox,TreasureBoxLocked,home,2,icon_mysterybox_silver,SilverMysteryBox,TRUE,
Box89,sc/common.sc,mystery_box_silver,35,,FasterBuildings3_lv5,1,16,FALSE,10,16,2,2,TreasureBox,TreasureBoxLocked,home,2,icon_mysterybox_silver,SilverMysteryBox,TRUE,
Box90,sc/common.sc,mystery_box_silver,35,,FreeErnest_lv5,1,16,FALSE,10,16,2,2,TreasureBox,TreasureBoxLocked,home,2,icon_mysterybox_silver,SilverMysteryBox,TRUE,
Box91,sc/common.sc,mystery_box_silver,35,,FreeRose_lv5,1,16,FALSE,10,16,2,2,TreasureBox,TreasureBoxLocked,home,2,icon_mysterybox_silver,SilverMysteryBox,TRUE,
Box92,sc/common.sc,mystery_box_silver,35,,FreeTom_lv5,1,16,FALSE,10,16,2,2,TreasureBox,TreasureBoxLocked,home,2,icon_mysterybox_silver,SilverMysteryBox,TRUE,
Box93,sc/common.sc,mystery_box_silver,35,,MoreXP_lv5,1,16,FALSE,10,16,2,2,TreasureBox,TreasureBoxLocked,home,2,icon_mysterybox_silver,SilverMysteryBox,TRUE,
Box94,sc/common.sc,mystery_box_silver,35,,EasierBoats_lv4,1,64,FALSE,10,16,2,2,TreasureBox,TreasureBoxLocked,home,2,icon_mysterybox_silver,SilverMysteryBox,TRUE,
Box95,sc/common.sc,mystery_box_silver,35,,FasterBuildings1_lv4,1,64,FALSE,10,16,2,2,TreasureBox,TreasureBoxLocked,home,2,icon_mysterybox_silver,SilverMysteryBox,TRUE,
Box96,sc/common.sc,mystery_box_silver,35,,FasterBuildings2_lv4,1,64,FALSE,10,16,2,2,TreasureBox,TreasureBoxLocked,home,2,icon_mysterybox_silver,SilverMysteryBox,TRUE,
Box97,sc/common.sc,mystery_box_silver,35,,FasterBuildings3_lv4,1,64,FALSE,10,16,2,2,TreasureBox,TreasureBoxLocked,home,2,icon_mysterybox_silver,SilverMysteryBox,TRUE,
Box98,sc/common.sc,mystery_box_silver,35,,FreeErnest_lv4,1,64,FALSE,10,16,2,2,TreasureBox,TreasureBoxLocked,home,2,icon_mysterybox_silver,SilverMysteryBox,TRUE,
Box99,sc/common.sc,mystery_box_silver,35,,FreeRose_lv4,1,64,FALSE,10,16,2,2,TreasureBox,TreasureBoxLocked,home,2,icon_mysterybox_silver,SilverMysteryBox,TRUE,
Box100,sc/common.sc,mystery_box_silver,35,,FreeTom_lv4,1,64,FALSE,10,16,2,2,TreasureBox,TreasureBoxLocked,home,2,icon_mysterybox_silver,SilverMysteryBox,TRUE,
Box101,sc/common.sc,mystery_box_silver,35,,MoreXP_lv4,1,64,FALSE,10,16,2,2,TreasureBox,TreasureBoxLocked,home,2,icon_mysterybox_silver,SilverMysteryBox,TRUE,
Box102,sc/common.sc,mystery_box_gold,1,,Bolt,4,50,FALSE,20,16,2,2,TreasureBox,TreasureBoxLocked,home,3,icon_mysterybox_gold,GoldMysteryBox,TRUE,
Box103,sc/common.sc,mystery_box_gold,1,,Plank,4,50,FALSE,20,16,2,2,TreasureBox,TreasureBoxLocked,home,3,icon_mysterybox_gold,GoldMysteryBox,TRUE,
Box104,sc/common.sc,mystery_box_gold,1,,Duct Tape,4,50,FALSE,20,16,2,2,TreasureBox,TreasureBoxLocked,home,3,icon_mysterybox_gold,GoldMysteryBox,TRUE,
Box105,sc/common.sc,mystery_box_gold,1,,Nail,4,50,FALSE,20,16,2,2,TreasureBox,TreasureBoxLocked,home,3,icon_mysterybox_gold,GoldMysteryBox,TRUE,
Box106,sc/common.sc,mystery_box_gold,1,,Screw,4,50,FALSE,20,16,2,2,TreasureBox,TreasureBoxLocked,home,3,icon_mysterybox_gold,GoldMysteryBox,TRUE,
Box107,sc/common.sc,mystery_box_gold,1,,Wood Panel,4,50,FALSE,20,16,2,2,TreasureBox,TreasureBoxLocked,home,3,icon_mysterybox_gold,GoldMysteryBox,TRUE,
Box108,sc/common.sc,mystery_box_gold,12,,Land Deed,4,50,FALSE,20,16,2,2,TreasureBox,TreasureBoxLocked,home,3,icon_mysterybox_gold,GoldMysteryBox,TRUE,
Box109,sc/common.sc,mystery_box_gold,12,,Mallet,4,50,FALSE,20,16,2,2,TreasureBox,TreasureBoxLocked,home,3,icon_mysterybox_gold,GoldMysteryBox,TRUE,
Box110,sc/common.sc,mystery_box_gold,12,,Marker Stake,4,50,FALSE,20,16,2,2,TreasureBox,TreasureBoxLocked,home,3,icon_mysterybox_gold,GoldMysteryBox,TRUE,
Box111,sc/common.sc,mystery_box_gold,1,,FreeDiamonds,25,80,TRUE,20,16,2,2,TreasureBox,TreasureBoxLocked,home,3,icon_mysterybox_gold,GoldMysteryBox,FALSE,
Box112,sc/common.sc,mystery_box_gold,1,,Bolt,5,10,FALSE,20,16,2,2,TreasureBox,TreasureBoxLocked,home,3,icon_mysterybox_gold,GoldMysteryBox,TRUE,
Box113,sc/common.sc,mystery_box_gold,1,,Plank,5,10,FALSE,20,16,2,2,TreasureBox,TreasureBoxLocked,home,3,icon_mysterybox_gold,GoldMysteryBox,TRUE,
Box114,sc/common.sc,mystery_box_gold,1,,Duct Tape,5,10,FALSE,20,16,2,2,TreasureBox,TreasureBoxLocked,home,3,icon_mysterybox_gold,GoldMysteryBox,TRUE,
Box115,sc/common.sc,mystery_box_gold,1,,Nail,5,10,FALSE,20,16,2,2,TreasureBox,TreasureBoxLocked,home,3,icon_mysterybox_gold,GoldMysteryBox,TRUE,
Box116,sc/common.sc,mystery_box_gold,1,,Screw,5,10,FALSE,20,16,2,2,TreasureBox,TreasureBoxLocked,home,3,icon_mysterybox_gold,GoldMysteryBox,TRUE,
Box117,sc/common.sc,mystery_box_gold,1,,Wood Panel,5,10,FALSE,20,16,2,2,TreasureBox,TreasureBoxLocked,home,3,icon_mysterybox_gold,GoldMysteryBox,TRUE,
Box118,sc/common.sc,mystery_box_gold,35,,FreeErnest_lv5,2,20,FALSE,20,16,2,2,TreasureBox,TreasureBoxLocked,home,3,icon_mysterybox_gold,GoldMysteryBox,TRUE,
Box119,sc/common.sc,mystery_box_gold,35,,FreeRose_lv5,2,20,FALSE,20,16,2,2,TreasureBox,TreasureBoxLocked,home,3,icon_mysterybox_gold,GoldMysteryBox,TRUE,
Box120,sc/common.sc,mystery_box_gold,35,,FreeTom_lv5,2,20,FALSE,20,16,2,2,TreasureBox,TreasureBoxLocked,home,3,icon_mysterybox_gold,GoldMysteryBox,TRUE,
Box121,sc/common.sc,mystery_box_gold,35,,MoreXP_lv5,2,20,FALSE,20,16,2,2,TreasureBox,TreasureBoxLocked,home,3,icon_mysterybox_gold,GoldMysteryBox,TRUE,
Box122,sc/common.sc,mystery_box_gold,25,,Expansion Key,1,10,FALSE,20,16,2,2,TreasureBox,TreasureBoxLocked,home,3,icon_mysterybox_gold,GoldMysteryBox,TRUE,
